Candidate,Party,Total Votes,Postal Votes,EVM Votes,% of Votes,State,Constituency
BHAGIRATH CHOUDHARY,Bharatiya Janata Party,747462.0,6311,741151.0,62.23,Rajasthan,AJMER
BHUPENDER YADAV,Bharatiya Janata Party,631992.0,7882,624110.0,50.42,Rajasthan,ALWAR
VARUN CHAUDHRY,Indian National Congress,663657.0,1065,662592.0,49.28,Haryana,AMBALA
MIAN ALTAF AHMAD,Jammu & Kashmir National Conference,521836.0,4347,517489.0,50.85,Jammu and Kashmir,ANANTNAG-RAJOURI
S JAGATHRATCHAKAN,Dravida Munnetra Kazhagam,563216.0,2638,560578.0,48.39,Tamil Nadu,ARAKKONAM
THARANIVENTHAN M S,Dravida Munnetra Kazhagam,500099.0,3016,497083.0,43.86,Tamil Nadu,ARANI
GODAM NAGESH,Bharatiya Janata Party,568168.0,9232,558936.0,45.98,Telangana,Adilabad
PROF S P SINGH BAGHEL,Bharatiya Janata Party,599397.0,2336,597061.0,53.34,Uttar Pradesh,Agra
HASMUKHBHAI PATEL (H.S.PATEL),Bharatiya Janata Party,770459.0,7431,763028.0,68.28,Gujarat,Ahmedabad East
DINESHBHAI MAKWANA (ADVOCATE),Bharatiya Janata Party,611704.0,5159,606545.0,63.28,Gujarat,Ahmedabad West
NILESH DNYANDEV LANKE,Nationalist Congress Party – Sharadchandra Pawar,624797.0,2653,622144.0,47.14,Maharashtra,Ahmednagar
DEVENDRA SINGH ALIAS BHOLE SINGH,Bharatiya Janata Party,517423.0,3167,514256.0,47.6,Uttar Pradesh,Akbarpur
ANUP SANJAY DHOTRE,Bharatiya Janata Party,457030.0,2058,454972.0,38.96,Maharashtra,Akola
K. C VENUGOPAL,Indian National Congress,404560.0,6314,398246.0,38.21,Kerala,Alappuzha
K.RADHAKRISHNAN,Communist Party of India (Marxist),403447.0,4629,398818.0,40.66,Kerala,Alathur
SATISH KUMAR GAUTAM,Bharatiya Janata Party,501834.0,1381,500453.0,44.28,Uttar Pradesh,Aligarh
MANOJ TIGGA,Bharatiya Janata Party,695314.0,3781,691533.0,48.92,West Bengal,Alipurduars
UJJWAL RAMAN SINGH,Indian National Congress,462145.0,1045,461100.0,48.8,Uttar Pradesh,Allahabad
AJAY TAMTA,Bharatiya Janata Party,429167.0,11632,417535.0,64.2,Uttarakhand,Almora
G M HARISH (BALAYOGI),Telugu Desam,796981.0,10832,786149.0,61.25,Andhra Pradesh,Amalapuram (SC)
LALJI VERMA,Samajwadi Party,544959.0,1238,543721.0,46.3,Uttar Pradesh,Ambedkar Nagar
KISHORI LAL,Indian National Congress,539228.0,2548,536680.0,54.99,Uttar Pradesh,Amethi
BALWANT BASWANT WANKHADE,Indian National Congress,526271.0,2135,524136.0,44.84,Maharashtra,Amravati
BHARATBHAI MANUBHAI SUTARIYA,Bharatiya Janata Party,580872.0,3052,577820.0,66.28,Gujarat,Amreli
GURJEET SINGH AUJLA,Indian National Congress,255181.0,767,254414.0,28.18,Punjab,Amritsar
KANWAR SINGH TANWAR,Bharatiya Janata Party,476506.0,1296,475210.0,42.9,Uttar Pradesh,Amroha
C.M.RAMESH,Bharatiya Janata Party,762069.0,12042,750027.0,57.5,Andhra Pradesh,Anakapalle
MITESH PATEL (BAKABHAI),Bharatiya Janata Party,612484.0,5090,607394.0,52.44,Gujarat,Anand
MALVINDER SINGH KANG,Aam Aadmi Party,313217.0,976,312241.0,29.08,Punjab,Anandpur Sahib
AMBICA G LAKSHMINARAYANA VALMIKI,Telugu Desam,768245.0,12383,755862.0,53.33,Andhra Pradesh,Ananthapur
BISHNU PADA RAY,Bharatiya Janata Party,102436.0,254,102182.0,50.58,Andaman & Nicobar Islands,Andaman & Nicobar Islands
NEERAJ MAURYA,Samajwadi Party,492515.0,1396,491119.0,45.23,Uttar Pradesh,Aonla
GUMMA THANUJA RANI,Yuvajana Sramika Rythu Congress Party,477005.0,5535,471470.0,40.96,Andhra Pradesh,Araku (ST)
BAG MITALI,All India Trinamool Congress,712587.0,2155,710432.0,45.71,West Bengal,Arambagh
PRADEEP KUMAR SINGH,Bharatiya Janata Party,600146.0,1028,599118.0,47.91,Bihar,Araria
SUDAMA PRASAD,Communist Party of India (Marxist-Leninist) (Liberation),529382.0,2818,526564.0,48.28,Bihar,Arrah
TAPIR GAO,Bharatiya Janata Party,145581.0,4866,140715.0,45.01,Arunachal Pradesh,Arunachal East
KIREN RIJIJU,Bharatiya Janata Party,205417.0,9002,196415.0,51.38,Arunachal Pradesh,Arunachal West
SHATRUGHAN PRASAD SINHA,All India Trinamool Congress,605645.0,2540,603105.0,46.53,West Bengal,Asansol
ANITA SUBHADARSHINI,Bharatiya Janata Party,494226.0,1194,493032.0,48.55,Odisha,Aska
ADV ADOOR PRAKASH,Indian National Congress,328051.0,4778,323273.0,33.29,Kerala,Attingal
ABHAY KUMAR SINHA,Rashtriya Janata Dal,465567.0,1722,463845.0,49.22,Bihar,Aurangabad
BHUMARE SANDIPANRAO ASARAM,Shiv Sena,476130.0,1696,474434.0,36.56,Maharashtra,Aurangabad
DHARMENDRA YADAV,Samajwadi Party,508239.0,3402,504837.0,48.2,Uttar Pradesh,Azamgarh
BHARTI PARDHI,Bharatiya Janata Party,712660.0,2721,709939.0,51.56,Madhya Pradesh,BALAGHAT
RAJ KUMAR ROAT,Bharat Adivasi Party,820831.0,5401,815430.0,50.15,Rajasthan,BANSWARA
ABDUL RASHID SHEIKH,Independent,472481.0,2907,469574.0,45.7,Jammu and Kashmir,BARAMULLA
UMMEDA RAM BENIWAL,Indian National Congress,704676.0,5554,699122.0,41.74,Rajasthan,BARMER
MAHESH KASHYAP,Bharatiya Janata Party,458398.0,1825,456573.0,45.5,Chhattisgarh,BASTAR
DURGADAS (D. D.) UIKEY,Bharatiya Janata Party,848236.0,1540,846696.0,60.76,Madhya Pradesh,BETUL
SANJNA JATAV,Indian National Congress,579890.0,7082,572808.0,51.18,Rajasthan,BHARATPUR
DAMODAR AGARWAL,Bharatiya Janata Party,807640.0,4447,803193.0,61.92,Rajasthan,BHILWARA
SANDHYA RAY,Bharatiya Janata Party,537065.0,3603,533462.0,51.2,Madhya Pradesh,BHIND
DHARAMBIR SINGH,Bharatiya Janata Party,588664.0,5929,582735.0,49.74,Haryana,BHIWANI-MAHENDRAGARH
ALOK SHARMA,Bharatiya Janata Party,981109.0,2824,978285.0,65.48,Madhya Pradesh,BHOPAL
ARJUN RAM MEGHWAL,Bharatiya Janata Party,566737.0,5497,561240.0,50.68,Rajasthan,BIKANER
TOKHAN SAHU,Bharatiya Janata Party,724937.0,1743,723194.0,53.25,Chhattisgarh,BILASPUR
ADITYA YADAV,Samajwadi Party,501855.0,465,501390.0,45.97,Uttar Pradesh,Badaun
GADDIGOUDAR. PARVATAGOUDA. CHANDANAGOUDA.,Bharatiya Janata Party,671039.0,3598,667441.0,50.93,Karnataka,Bagalkot
DR RAJKUMAR SANGWAN,Rashtriya Lok Dal,488967.0,3202,485765.0,52.36,Uttar Pradesh,Baghpat
ANAND KUMAR,Bharatiya Janata Party,518802.0,227,518575.0,49.1,Uttar Pradesh,Baharaich
PATHAN YUSUF,All India Trinamool Congress,524516.0,886,523630.0,37.88,West Bengal,Baharampur
PRATAP CHANDRA SARANGI,Bharatiya Janata Party,563865.0,2275,561590.0,45.49,Odisha,Balasore
SANATAN PANDEY,Samajwadi Party,467068.0,2595,464473.0,46.37,Uttar Pradesh,Ballia
SUKANTA MAJUMDAR,Bharatiya Janata Party,574996.0,2071,572925.0,46.47,West Bengal,Balurghat
GENIBEN NAGAJI THAKOR,Indian National Congress,671883.0,4811,667072.0,48.83,Gujarat,Banaskantha
KRISHNA DEVI SHIVSHANKER PATEL,Samajwadi Party,406567.0,549,406018.0,38.94,Uttar Pradesh,Banda
SHOBHA KARANDLAJE,Bharatiya Janata Party,986049.0,3244,982805.0,56.27,Karnataka,Bangalore North
DR C N MANJUNATH,Bharatiya Janata Party,1079002.0,3449,1075553.0,56.21,Karnataka,Bangalore Rural
TEJASVI SURYA,Bharatiya Janata Party,750830.0,3050,747780.0,60.1,Karnataka,Bangalore South
P C MOHAN,Bharatiya Janata Party,658915.0,1679,657236.0,50.05,Karnataka,Bangalore central
SHANTANU THAKUR,Bharatiya Janata Party,719505.0,2553,716952.0,48.19,West Bengal,Bangaon
GIRIDHARI YADAV,Janata Dal (United),506678.0,1004,505674.0,49.96,Bihar,Banka
ARUP CHAKRABORTY,All India Trinamool Congress,641813.0,4348,637465.0,44.33,West Bengal,Bankura
KAMLESH PASWAN,Bharatiya Janata Party,428693.0,1165,427528.0,45.38,Uttar Pradesh,Bansgaon
KRISHNA PRASAD TENNETI,Telugu Desam,717493.0,10736,706757.0,55.16,Andhra Pradesh,Bapatla (SC)
TANUJ PUNIA,Indian National Congress,719927.0,1399,718528.0,55.78,Uttar Pradesh,Barabanki
SUPRIYA SULE,Nationalist Congress Party – Sharadchandra Pawar,732312.0,912,731400.0,51.85,Maharashtra,Baramati
KAKOLI GHOSH DASTIDAR,All India Trinamool Congress,692010.0,2497,689513.0,45.15,West Bengal,Barasat
DR. SHARMILA SARKAR,All India Trinamool Congress,720302.0,2421,717881.0,48.11,West Bengal,Bardhaman Purba
AZAD KIRTI JHA,All India Trinamool Congress,720667.0,3598,717069.0,47.99,West Bengal,Bardhaman-Durgapur
PARBHUBHAI NAGARBHAI VASAVA,Bharatiya Janata Party,763950.0,6163,757787.0,57.04,Gujarat,Bardoli
CHHATRA PAL SINGH GANGWAR,Bharatiya Janata Party,567127.0,1527,565600.0,50.66,Uttar Pradesh,Bareilly
PRADEEP PUROHIT,Bharatiya Janata Party,716359.0,6753,709606.0,54.69,Odisha,Bargarh
PHANI BHUSAN CHOUDHURY,Asom Gana Parishad,860113.0,6471,853642.0,51.02,Assam,Barpeta
PARTHA BHOWMICK,All India Trinamool Congress,520231.0,1745,518486.0,45.56,West Bengal,Barrackpur
SK NURUL ISLAM,All India Trinamool Congress,803762.0,2220,801542.0,52.76,West Bengal,Basirhat
RAM PRASAD CHAUDHARY,Samajwadi Party,527005.0,3518,523487.0,48.67,Uttar Pradesh,Basti
HARSIMRAT KAUR BADAL,Shiromani Akali Dal,376558.0,1539,375019.0,32.71,Punjab,Bathinda
BAJRANG MANOHAR SONWANE,Nationalist Congress Party – Sharadchandra Pawar,683950.0,1418,682532.0,44.93,Maharashtra,Beed
GIRIRAJ SINGH,Bharatiya Janata Party,649331.0,2419,646912.0,50.15,Bihar,Begusarai
JAGADISH SHETTAR,Bharatiya Janata Party,762029.0,5558,756471.0,55.06,Karnataka,Belgaum
E. TUKARAM,Indian National Congress,730845.0,1264,729581.0,52.58,Karnataka,Bellary
DR. PRADEEP KUMAR PANIGRAHY,Bharatiya Janata Party,513102.0,2517,510585.0,49.2,Odisha,Berhampur
DR. VINOD KUMAR BIND,Bharatiya Janata Party,459982.0,1105,458877.0,42.39,Uttar Pradesh,Bhadohi
AVIMANYU SETHI,Bharatiya Janata Party,573319.0,3614,569705.0,44.19,Odisha,Bhadrak
AJAY KUMAR MANDAL,Janata Dal (United),536031.0,1108,534923.0,50.38,Bihar,Bhagalpur
DR. PRASHANT YADAORAO PADOLE,Indian National Congress,587413.0,5735,581678.0,47.56,Maharashtra,Bhandara Gondiya
MANSUKHBHAI DHANJIBHAI VASAVA,Bharatiya Janata Party,608157.0,2668,605489.0,50.72,Gujarat,Bharuch
NIMUBEN JAYANTIBHAI BAMBHANIYA (NIMUBEN BAMBHANIYA),Bharatiya Janata Party,716883.0,9455,707428.0,68.46,Gujarat,Bhavnagar
BALYA MAMA - SURESH GOPINATH MHATRE,Nationalist Congress Party – Sharadchandra Pawar,499464.0,1265,498199.0,39.85,Maharashtra,Bhiwandi
CHAMALA KIRAN KUMAR REDDY,Indian National Congress,629143.0,5381,623762.0,44.89,Telangana,Bhongir
APARAJITA SARANGI,Bharatiya Janata Party,512519.0,2952,509567.0,47.36,Odisha,Bhubaneswar
SAGAR ESHWAR KHANDRE,Indian National Congress,666317.0,1155,665162.0,53.63,Karnataka,Bidar
RAMESH JIGAJINAGI,Bharatiya Janata Party,672781.0,3726,669055.0,51.91,Karnataka,Bijapur
CHANDAN CHAUHAN,Rashtriya Lok Dal,404493.0,1889,402604.0,39.48,Uttar Pradesh,Bijnor
SATABDI ROY,All India Trinamool Congress,717961.0,2989,714972.0,47.0,West Bengal,Birbhum
KHAN SAUMITRA,Bharatiya Janata Party,680130.0,2810,677320.0,44.93,West Bengal,Bishnupur
SANGEETA KUMARI SINGH DEO,Bharatiya Janata Party,617744.0,3548,614196.0,44.12,Odisha,Bolangir
ASIT KUMAR MAL,All India Trinamool Congress,855633.0,4424,851209.0,55.98,West Bengal,Bolpur
DR BHOLA SINGH,Bharatiya Janata Party,597310.0,3270,594040.0,56.65,Uttar Pradesh,Bulandshahr
JADHAV PRATAPRAO GANPATRAO,Shiv Sena,349867.0,1578,348289.0,31.53,Maharashtra,Buldhana
SUDHAKAR SINGH,Rashtriya Janata Dal,438345.0,3283,435062.0,40.82,Bihar,Buxar
DAYANIDHI MARAN,Dravida Munnetra Kazhagam,413848.0,1562,412286.0,56.65,Tamil Nadu,CHENNAI CENTRAL
DR.KALANIDHI VEERASWAMY,Dravida Munnetra Kazhagam,497333.0,1600,495733.0,55.11,Tamil Nadu,CHENNAI NORTH
T.SUMATHY (ALIAS) THAMIZHACHI THANGAPANDIAN,Dravida Munnetra Kazhagam,516628.0,1321,515307.0,47.0,Tamil Nadu,CHENNAI SOUTH
BUNTY VIVEK SAHU,Bharatiya Janata Party,644738.0,1249,643489.0,49.41,Madhya Pradesh,CHHINDWARA
THIRUMAAVALAVAN THOL,Viduthalai Chiruthaigal Katchi,505084.0,3233,501851.0,43.28,Tamil Nadu,CHIDAMBARAM
CHANDRA PRAKASH JOSHI,Bharatiya Janata Party,888202.0,5868,882334.0,59.26,Rajasthan,CHITTORGARH
RAHUL KASWAN,Indian National Congress,728211.0,8859,719352.0,51.12,Rajasthan,CHURU
GANAPATHY RAJKUMAR P,Dravida Munnetra Kazhagam,568200.0,2772,565428.0,41.39,Tamil Nadu,COIMBATORE
M.K. VISHNUPRASAD,Indian National Congress,455053.0,4652,450401.0,44.11,Tamil Nadu,CUDDALORE
BENNY BEHANAN,Indian National Congress,394171.0,3955,390216.0,41.44,Kerala,Chalakudy
SUNIL BOSE,Indian National Congress,751671.0,1745,749926.0,54.87,Karnataka,Chamarajanagar
BIRENDRA SINGH,Samajwadi Party,474476.0,1548,472928.0,42.5,Uttar Pradesh,Chandauli
MANISH TEWARI,Indian National Congress,216657.0,307,216350.0,48.22,Chandigarh,Chandigarh
PRAVEEN KHANDELWAL,Bharatiya Janata Party,516496.0,1538,514958.0,53.46,NCT OF Delhi,Chandni Chowk
DHANORKAR PRATIBHA SURESH ALIAS BALUBHAU,Indian National Congress,718410.0,1775,716635.0,57.88,Maharashtra,Chandrapur
KALI CHARAN SINGH,Bharatiya Janata Party,574556.0,5644,568912.0,52.89,Jharkhand,Chatra
KONDA VISHWESHWAR REDDY,Bharatiya Janata Party,809882.0,11365,798517.0,48.34,Telangana,Chevella
JASHUBHAI BHILUBHAI RATHVA,Bharatiya Janata Party,796589.0,4862,791727.0,62.84,Gujarat,Chhota Udaipur
DR.K.SUDHAKAR,Bharatiya Janata Party,822619.0,3031,819588.0,53.74,Karnataka,Chikkballapur
PRIYANKA SATISH JARKIHOLI,Indian National Congress,713461.0,2638,710823.0,51.21,Karnataka,Chikkodi
GOVIND MAKTHAPPA KARJOL,Bharatiya Janata Party,684890.0,3673,681217.0,50.11,Karnataka,Chitradurga
DAGGUMALLA PRASADA RAO,Telugu Desam,778071.0,12535,765536.0,54.84,Andhra Pradesh,Chittoor(SC)
JAGADISH CHANDRA BARMA BASUNIA,All India Trinamool Congress,788375.0,2628,785747.0,48.57,West Bengal,Coochbehar
BHARTRUHARI MAHTAB,Bharatiya Janata Party,531601.0,2330,529271.0,47.43,Odisha,Cuttack
RAHUL SINGH LODHI,Bharatiya Janata Party,709768.0,1179,708589.0,65.18,Madhya Pradesh,DAMOH
MURARI LAL MEENA,Indian National Congress,646266.0,9398,636868.0,60.24,Rajasthan,DAUSA
MAHENDRA SINGH SOLANKY,Bharatiya Janata Party,928941.0,3024,925917.0,63.23,Madhya Pradesh,DEWAS
SAVITRI THAKUR,Bharatiya Janata Party,794449.0,1858,792591.0,55.75,Madhya Pradesh,DHAR
MANI. A.,Dravida Munnetra Kazhagam,432667.0,3366,429301.0,34.67,Tamil Nadu,DHARMAPURI
SACHITHANANTHAM R,Communist Party of India (Marxist),670149.0,2758,667391.0,58.29,Tamil Nadu,DINDIGUL
VIJAY BAGHEL,Bharatiya Janata Party,956497.0,2141,954356.0,62.0,Chhattisgarh,DURG
DELKAR KALABEN MOHANBHAI,Bharatiya Janata Party,121074.0,241,120833.0,58.89,Dadra & Nagar Haveli and Daman & Diu,Dadar & Nagar Haveli
JASWANTSINH SUMANBHAI BHABHOR,Bharatiya Janata Party,688715.0,2981,685734.0,61.59,Gujarat,Dahod
CAPTAIN BRIJESH CHOWTA,Bharatiya Janata Party,764132.0,4002,760130.0,53.97,Karnataka,Dakshina Kannada
PATEL UMESHBHAI BABUBHAI,Independent,42523.0,54,42469.0,46.02,Dadra & Nagar Haveli and Daman & Diu,Daman & Diu
GOPAL JEE THAKUR,Bharatiya Janata Party,566630.0,924,565706.0,55.33,Bihar,Darbhanga
RAJU BISTA,Bharatiya Janata Party,679331.0,4007,675324.0,51.18,West Bengal,Darjeeling
DILIP SAIKIA,Bharatiya Janata Party,868387.0,3804,864583.0,47.95,Assam,Darrang-Udalguri
DR. PRABHA MALLIKARJUN,Indian National Congress,633059.0,1606,631453.0,47.95,Karnataka,Davanagere
SHASHANK MANI,Bharatiya Janata Party,504541.0,1032,503509.0,48.36,Uttar Pradesh,Deoria
DULU MAHATO,Bharatiya Janata Party,789172.0,6749,782423.0,55.26,Jharkhand,Dhanbad
PRALHAD JOSHI,Bharatiya Janata Party,716231.0,2582,713649.0,52.41,Karnataka,Dharwad
ANAND BHADAURIYA,Samajwadi Party,443743.0,1093,442650.0,39.91,Uttar Pradesh,Dhaurahra
RUDRA NARAYAN PANY,Bharatiya Janata Party,598721.0,4814,593907.0,50.24,Odisha,Dhenkanal
RAKIBUL HUSSAIN,Indian National Congress,1471885.0,3336,1468549.0,59.99,Assam,Dhubri
BACHHAV SHOBHA DINESH,Indian National Congress,583866.0,1374,582492.0,47.89,Maharashtra,Dhule
ABHISHEK BANERJEE,All India Trinamool Congress,1048230.0,4737,1043493.0,68.48,West Bengal,Diamond harbour
SARBANANDA SONOWAL,Bharatiya Janata Party,693762.0,2609,691153.0,54.27,Assam,Dibrugarh
BHASKAR MURLIDHAR BHAGARE,Nationalist Congress Party – Sharadchandra Pawar,577339.0,2048,575291.0,46.53,Maharashtra,Dindori
AMARSING TISSO,Bharatiya Janata Party,334620.0,2180,332440.0,49.01,Assam,Diphu
JAGDAMBIKA PAL,Bharatiya Janata Party,463303.0,689,462614.0,45.47,Uttar Pradesh,Domariyaganj
SOUGATA RAY,All India Trinamool Congress,528579.0,2290,526289.0,41.95,West Bengal,Dum dum
NALIN SOREN,Jharkhand Mukti Morcha,547370.0,5071,542299.0,46.23,Jharkhand,Dumka
K E PRAKASH,Dravida Munnetra Kazhagam,562339.0,3490,558849.0,51.43,Tamil Nadu,ERODE
HARSH MALHOTRA,Bharatiya Janata Party,664819.0,1399,663420.0,52.59,NCT OF Delhi,East Delhi
PUTTA MAHESH KUMAR,Telugu Desam,746351.0,8707,737644.0,54.0,Andhra Pradesh,Eluru
HIBI EDEN,Indian National Congress,482317.0,3328,478989.0,52.97,Kerala,Ernakulam
DEVESH SHAKYA,Samajwadi Party,475808.0,1545,474263.0,47.09,Uttar Pradesh,Etah
JITENDRA KUMAR DOHARE,Samajwadi Party,490747.0,1389,489358.0,47.47,Uttar Pradesh,Etawah
KRISHAN PAL,Bharatiya Janata Party,788569.0,1237,787332.0,53.6,Haryana,FARIDABAD
AWADHESH PRASAD,Samajwadi Party,554289.0,740,553549.0,48.59,Uttar Pradesh,Faizabad
SARABJEET SINGH KHALSA,Independent,298062.0,1140,296922.0,29.38,Punjab,Faridkot
MUKESH RAJPUT,Bharatiya Janata Party,487963.0,1038,486925.0,47.2,Uttar Pradesh,Farrukhabad
AMAR SINGH,Indian National Congress,332591.0,1267,331324.0,34.14,Punjab,Fatehgarh Sahib
NARESH CHANDRA UTTAM PATEL,Samajwadi Party,500328.0,462,499866.0,45.2,Uttar Pradesh,Fatehpur
RAJKUMAR CHAHAR,Bharatiya Janata Party,445657.0,2795,442862.0,43.09,Uttar Pradesh,Fatehpur Sikri
AKSHAYA YADAV,Samajwadi Party,543037.0,1176,541861.0,49.04,Uttar Pradesh,Firozabad
SHER SINGH GHUBAYA,Indian National Congress,266626.0,1914,264712.0,23.7,Punjab,Firozpur
KULDEEP INDORA,Indian National Congress,726492.0,6596,719896.0,51.4,Rajasthan,GANGANAGAR
JYOTIRADITYA M. SCINDIA,Bharatiya Janata Party,923302.0,3558,919744.0,67.21,Madhya Pradesh,GUNA
RAO INDERJIT SINGH,Bharatiya Janata Party,808336.0,3175,805161.0,50.48,Haryana,GURGAON
BHARAT SINGH KUSHWAH,Bharatiya Janata Party,671535.0,2753,668782.0,49.99,Madhya Pradesh,GWALIOR
DR. KIRSAN NAMDEO,Indian National Congress,617792.0,3182,614610.0,52.97,Maharashtra,Gadchiroli
AMIT SHAH,Bharatiya Janata Party,1010972.0,10988,999984.0,76.48,Gujarat,Gandhinagar
ANIL BALUNI,Bharatiya Janata Party,432159.0,13628,418531.0,58.6,Uttarakhand,Garhwal
DR. MAHESH SHARMA,Bharatiya Janata Party,857829.0,2416,855413.0,59.69,Uttar Pradesh,Gautam Buddha Nagar
JITAN RAM MANJHI,Hindustani Awam Morcha (Secular),494960.0,2228,492732.0,51.36,Bihar,Gaya
ADHIKARI DEEPAK (DEV),All India Trinamool Congress,837990.0,3432,834558.0,52.36,West Bengal,Ghatal
ATUL GARG,Bharatiya Janata Party,854170.0,1134,853036.0,58.09,Uttar Pradesh,Ghaziabad
AFZAL ANSARI,Samajwadi Party,539912.0,2128,537784.0,46.82,Uttar Pradesh,Ghazipur
RAJEEV RAI,Samajwadi Party,503131.0,1724,501407.0,43.73,Uttar Pradesh,Ghosi
CHANDRA PRAKASH CHOUDHARY,AJSU Party,451139.0,3243,447896.0,35.67,Jharkhand,Giridih
NISHIKANT DUBEY,Bharatiya Janata Party,693140.0,4261,688879.0,49.57,Jharkhand,Godda
KIRTIVARDHAN SINGH,Bharatiya Janata Party,474258.0,567,473691.0,49.77,Uttar Pradesh,Gonda
DR. ALOK KUMAR SUMAN,Janata Dal (United),511866.0,1537,510329.0,48.15,Bihar,Gopalganj
RAVINDRA SHUKLA ALIAS RAVI KISHAN,Bharatiya Janata Party,585834.0,1322,584512.0,50.75,Uttar Pradesh,Gorakhpur
RADHAKRISHNA,Indian National Congress,652321.0,1698,650623.0,49.78,Karnataka,Gulbarga
DR CHANDRA SEKHAR PEMMASANI,Telugu Desam,864948.0,13928,851020.0,60.68,Andhra Pradesh,Guntur
SUKHJINDER SINGH RANDHAWA,Indian National Congress,364043.0,2330,361713.0,33.78,Punjab,Gurdaspur
BIJULI KALITA MEDHI,Bharatiya Janata Party,894887.0,2986,891901.0,55.95,Assam,Guwahati
ANURAG SINGH THAKUR,Bharatiya Janata Party,607068.0,14013,593055.0,57.97,Himachal Pradesh,HAMIRPUR
JAI PARKASH (J P) S/O HARIKESH,Indian National Congress,570424.0,3230,567194.0,48.58,Haryana,HISAR
DARSHAN SINGH CHOUDHARY,Bharatiya Janata Party,812147.0,1618,810529.0,64.99,Madhya Pradesh,HOSHANGABAD
CHIRAG PASWAN,Lok Janshakti Party(Ram Vilas),615718.0,2612,613106.0,53.29,Bihar,Hajipur
AJENDRA SINGH LODHI,Samajwadi Party,490683.0,680,490003.0,44.0,Uttar Pradesh,Hamirpur
JAI PRAKASH,Bharatiya Janata Party,486798.0,1053,485745.0,44.25,Uttar Pradesh,Hardoi
TRIVENDRA SINGH RAWAT,Bharatiya Janata Party,653808.0,5310,648498.0,50.19,Uttarakhand,Haridwar
SHREYAS. M. PATEL,Indian National Congress,672988.0,2714,670274.0,49.67,Karnataka,Hassan
ANOOP PRADHAN BALMIKI,Bharatiya Janata Party,554746.0,2412,552334.0,51.24,Uttar Pradesh,Hathras
DHAIRYASHEEL SAMBHAJIRAO MANE,Shiv Sena,520190.0,1856,518334.0,40.14,Maharashtra,Hatkanangale
BASAVARAJ BOMMAI,Bharatiya Janata Party,705538.0,3349,702189.0,50.55,Karnataka,Haveri
MANISH JAISWAL,Bharatiya Janata Party,654613.0,7197,647416.0,51.76,Jharkhand,Hazaribagh
B K PARTHASARATHI,Telugu Desam,725534.0,12521,713013.0,51.23,Andhra Pradesh,Hindupur
AASHTIKAR PATIL NAGESH BAPURAO,Shiv Sena (Uddhav Balasaheb Thackrey),492535.0,2103,490432.0,42.49,Maharashtra,Hingoli
RACHNA BANERJEE,All India Trinamool Congress,702744.0,2624,700120.0,46.31,West Bengal,Hooghly
DR. RAJ KUMAR CHABBEWAL,Aam Aadmi Party,303859.0,1457,302402.0,32.04,Punjab,Hoshiarpur
PRASUN BANERJEE,All India Trinamool Congress,626493.0,1264,625229.0,49.26,West Bengal,Howrah
ASADUDDIN OWAISI,All India Majlis-E-Ittehadul Muslimeen,661981.0,2703,659278.0,61.28,Telangana,Hyderabad
SHANKAR LALWANI,Bharatiya Janata Party,1226751.0,3005,1223746.0,78.54,Madhya Pradesh,INDORE
ADV. DEAN KURIAKOSE,Indian National Congress,432372.0,5243,427129.0,51.43,Kerala,Idukki
ANGOMCHA BIMOL AKOIJAM,Indian National Congress,374017.0,3339,370678.0,46.93,Manipur,Inner Manipur
ASHISH DUBEY,Bharatiya Janata Party,790133.0,1412,788721.0,68.2,Madhya Pradesh,JABALPUR
MANJU SHARMA,Bharatiya Janata Party,886850.0,8207,878643.0,60.61,Rajasthan,JAIPUR
RAO RAJENDRA SINGH,Bharatiya Janata Party,617877.0,9688,608189.0,48.96,Rajasthan,JAIPUR RURAL
LUMBARAM,Bharatiya Janata Party,796783.0,3078,793705.0,54.91,Rajasthan,JALORE
JUGAL KISHORE,Bharatiya Janata Party,687588.0,10017,677571.0,52.8,Jammu and Kashmir,JAMMU
KAMLESH JANGDE,Bharatiya Janata Party,678199.0,2459,675740.0,48.71,Chhattisgarh,JANJGIR-CHAMPA
DUSHYANT SINGH,Bharatiya Janata Party,865376.0,3526,861850.0,60.88,Rajasthan,JHALAWAR-BARAN
BRIJENDRA SINGH OLA,Indian National Congress,553168.0,11965,541203.0,49.44,Rajasthan,JHUNJHUNU
GAJENDRA SINGH SHEKHAWAT,Bharatiya Janata Party,730056.0,7078,722978.0,52.76,Rajasthan,JODHPUR
SAYANI GHOSH,All India Trinamool Congress,717899.0,3850,714049.0,45.83,West Bengal,Jadavpur
BIBHU PRASAD TARAI,Bharatiya Janata Party,589093.0,3421,585672.0,45.8,Odisha,Jagatsinghpur
SURENDRA PRASAD YADAV,Rashtriya Janata Dal,443035.0,2683,440352.0,47.88,Bihar,Jahanabad
RABINDRA NARAYAN BEHERA,Bharatiya Janata Party,534239.0,5280,528959.0,46.01,Odisha,Jajpur
CHARANJIT SINGH CHANNI,Indian National Congress,390053.0,544,389509.0,39.43,Punjab,Jalandhar
NARAYAN DAS AHIRWAR,Samajwadi Party,530180.0,736,529444.0,46.96,Uttar Pradesh,Jalaun
SMITA UDAY WAGH,Bharatiya Janata Party,674428.0,2309,672119.0,57.67,Maharashtra,Jalgaon
KALYAN VAIJINATHRAO KALE,Indian National Congress,607897.0,2393,605504.0,44.59,Maharashtra,Jalna
DR JAYANTA KUMAR ROY,Bharatiya Janata Party,766568.0,3332,763236.0,48.57,West Bengal,Jalpaiguri
POONAMBEN HEMATBHAI MAADAM,Bharatiya Janata Party,620049.0,1929,618120.0,58.98,Gujarat,Jamnagar
BIDYUT BARAN MAHATO,Bharatiya Janata Party,726174.0,6283,719891.0,56.84,Jharkhand,Jamshedpur
ARUN BHARTI,Lok Janshakti Party(Ram Vilas),509046.0,867,508179.0,51.98,Bihar,Jamui
KHALILUR RAHAMAN,All India Trinamool Congress,544427.0,978,543449.0,39.75,West Bengal,Jangipur
BABU SINGH KUSHWAHA,Samajwadi Party,509130.0,3054,506076.0,46.21,Uttar Pradesh,Jaunpur
RAMPRIT MANDAL,Janata Dal (United),533032.0,894,532138.0,48.73,Bihar,Jhanjharpur
ANURAG SHARMA,Bharatiya Janata Party,690316.0,878,689438.0,50.0,Uttar Pradesh,Jhansi
KALIPADA SAREN (KHERWAL),All India Trinamool Congress,743478.0,3346,740132.0,49.87,West Bengal,Jhargram
GAURAV GOGOI,Indian National Congress,751771.0,8577,743194.0,54.04,Assam,Jorhat
PRATIMA MONDAL,All India Trinamool Congress,894312.0,3259,891053.0,60.32,West Bengal,Joynagar
CHUDASAMA RAJESHBHAI NARANBHAI,Bharatiya Janata Party,584049.0,5533,578516.0,54.67,Gujarat,Junagadh
MALAIYARASAN D,Dravida Munnetra Kazhagam,561589.0,3243,558346.0,44.94,Tamil Nadu,KALLAKURICHI
SELVAM. G,Dravida Munnetra Kazhagam,586044.0,3066,582978.0,46.53,Tamil Nadu,KANCHEEPURAM
DR RAJEEV BHARDWAJ,Bharatiya Janata Party,632793.0,10311,622482.0,61.03,Himachal Pradesh,KANGRA
BHOJRAJ NAG,Bharatiya Janata Party,597624.0,2439,595185.0,47.23,Chhattisgarh,KANKER
VIJAYAKUMAR (Alias) VIJAY VASANTH,Indian National Congress,546248.0,5981,540267.0,53.08,Tamil Nadu,KANNIYAKUMARI
BHAJAN LAL JATAV,Indian National Congress,530011.0,4632,525379.0,53.64,Rajasthan,KARAULI-DHOLPUR
MANOHAR LAL,Bharatiya Janata Party,739285.0,2003,737282.0,54.93,Haryana,KARNAL
JOTHIMANI. S,Indian National Congress,534906.0,3077,531829.0,47.25,Tamil Nadu,KARUR
VISHNU DATT SHARMA (V.D.SHARMA),Bharatiya Janata Party,772774.0,1760,771014.0,67.75,Madhya Pradesh,KHAJURAHO
GYANESHWAR PATIL,Bharatiya Janata Party,862679.0,1491,861188.0,57.04,Madhya Pradesh,KHANDWA
GAJENDRA SINGH PATEL,Bharatiya Janata Party,819863.0,1572,818291.0,52.6,Madhya Pradesh,KHARGONE
JYOTSNA CHARANDAS MAHANT,Indian National Congress,570182.0,1084,569098.0,46.53,Chhattisgarh,KORBA
OM BIRLA,Bharatiya Janata Party,750496.0,6100,744396.0,50.03,Rajasthan,KOTA
GOPINATH K,Indian National Congress,492883.0,1752,491131.0,42.27,Tamil Nadu,KRISHNAGIRI
NAVEEN JINDAL,Bharatiya Janata Party,542175.0,1498,540677.0,44.96,Haryana,KURUKSHETRA
CHAVDA VINOD LAKHAMSHI,Bharatiya Janata Party,659574.0,2595,656979.0,60.23,Gujarat,Kachchh
Y. S. AVINASH REDDY,Yuvajana Sramika Rythu Congress Party,605143.0,6737,598406.0,45.78,Andhra Pradesh,Kadapa
IQRA CHOUDHARY,Samajwadi Party,528013.0,1126,526887.0,48.9,Uttar Pradesh,Kairana
KARAN BHUSHAN SINGH,Bharatiya Janata Party,571263.0,827,570436.0,53.79,Uttar Pradesh,Kaiserganj
TANGELLA UDAY SRINIVAS (TEA TIME UDAY),Janasena Party,729699.0,10728,718971.0,54.87,Andhra Pradesh,Kakinada
MALVIKA DEVI,Bharatiya Janata Party,544303.0,5768,538535.0,40.79,Odisha,Kalahandi
DR SHRIKANT EKNATH SHINDE,Shiv Sena,589636.0,1715,587921.0,56.38,Maharashtra,Kalyan
SUKANTA KUMAR PANIGRAHI,Bharatiya Janata Party,416415.0,3095,413320.0,41.8,Odisha,Kandhamal
AKHILESH YADAV,Samajwadi Party,642292.0,2085,640207.0,52.74,Uttar Pradesh,Kannauj
K. SUDHAKARAN,Indian National Congress,518524.0,6258,512266.0,48.74,Kerala,Kannur
RAMESH AWASTHI,Bharatiya Janata Party,443055.0,2446,440609.0,49.93,Uttar Pradesh,Kanpur
ADHIKARI SOUMENDU,Bharatiya Janata Party,763195.0,5289,757906.0,49.85,West Bengal,Kanthi
RAJA RAM SINGH,Communist Party of India (Marxist-Leninist) (Liberation),380581.0,1659,378922.0,36.89,Bihar,Karakat
KRIPANATH MALLAH,Bharatiya Janata Party,545093.0,3873,541220.0,47.53,Assam,Karimganj
BANDI SANJAY KUMAR,Bharatiya Janata Party,585116.0,6289,578827.0,44.57,Telangana,Karimnagar
RAJMOHAN UNNITHAN,Indian National Congress,490659.0,3022,487637.0,44.1,Kerala,Kasaragod
TARIQ ANWAR,Indian National Congress,567092.0,2067,565025.0,48.41,Bihar,Katihar
PUSHPENDRA SAROJ,Samajwadi Party,509787.0,612,509175.0,50.51,Uttar Pradesh,Kaushambi
KAMAKHYA PRASAD TASA,Bharatiya Janata Party,897043.0,4277,892766.0,55.04,Assam,Kaziranga
BAIJAYANT PANDA,Bharatiya Janata Party,615705.0,2789,612916.0,48.21,Odisha,Kendrapara
ANANTA NAYAK,Bharatiya Janata Party,573923.0,2790,571133.0,45.67,Odisha,Keonjhar
AMRITPAL SINGH,Independent,404430.0,1830,402600.0,38.62,Punjab,Khadoor Sahib
RAJESH VERMA,Lok Janshakti Party(Ram Vilas),538657.0,1326,537331.0,50.73,Bihar,Khagaria
RAMASAHAYAM RAGHURAM REDDY,Indian National Congress,766929.0,7326,759603.0,61.29,Telangana,Khammam
DEVUSINH CHAUHAN,Bharatiya Janata Party,744435.0,5826,738609.0,63.31,Gujarat,Kheda
UTKARSH VERMA 'MADHUR',Samajwadi Party,557365.0,2088,555277.0,45.94,Uttar Pradesh,Kheri
KALI CHARAN MUNDA,Indian National Congress,511647.0,7650,503997.0,54.62,Jharkhand,Khunti
MOHAMMAD JAWED,Indian National Congress,402850.0,380,402470.0,35.0,Bihar,Kishanganj
ANNPURNA DEVI,Bharatiya Janata Party,791657.0,4472,787185.0,57.79,Jharkhand,Kodarma
JOYANTA BASUMATARY,"United People’s Party, Liberal",488995.0,4314,484681.0,39.39,Assam,Kokrajhar
M. MALLESH BABU,Janata Dal (Secular),691481.0,2296,689185.0,51.02,Karnataka,Kolar
CHHATRAPATI SHAHU SHAHAJI,Indian National Congress,754522.0,4199,750323.0,54.15,Maharashtra,Kolhapur
MALA ROY,All India Trinamool Congress,615274.0,2549,612725.0,49.48,West Bengal,Kolkata Dakshin
BANDYOPADHYAY SUDIP,All India Trinamool Congress,454696.0,1519,453177.0,47.44,West Bengal,Kolkata Uttar
N K PREMACHANDRAN,Revolutionary Socialist Party,443628.0,6112,437516.0,48.45,Kerala,Kollam
K. RAJASHEKAR BASAVARAJ HITNAL,Indian National Congress,663511.0,1590,661921.0,49.93,Karnataka,Koppal
SAPTAGIRI SANKAR ULAKA,Indian National Congress,471393.0,2098,469295.0,41.03,Odisha,Koraput
ADV K FRANCIS GEORGE,Kerala Congress,364631.0,6262,358369.0,43.6,Kerala,Kottayam
M. K. RAGHAVAN,Indian National Congress,520421.0,4813,515608.0,47.74,Kerala,Kozhikode
MAHUA MOITRA,All India Trinamool Congress,628789.0,4078,624711.0,44.1,West Bengal,Krishnanagar
BASTIPATI NAGARAJU PANCHALINGALA,Telugu Desam,658914.0,8579,650335.0,49.51,Andhra Pradesh,Kurnoolu
VIJAY KUMAR DUBAY,Bharatiya Janata Party,516345.0,339,516006.0,47.79,Uttar Pradesh,Kushi Nagar
MOHMAD HANEEFA,Independent,65259.0,816,64443.0,48.15,Ladakh,Ladakh
PRADAN BARUAH,Bharatiya Janata Party,663122.0,3815,659307.0,54.75,Assam,Lakhimpur
MUHAMMED HAMDULLAH SAYEED,Indian National Congress,25726.0,321,25405.0,52.29,Lakshadweep,Lakshadweep
DAROGA PRASAD SAROJ,Samajwadi Party,439959.0,2392,437567.0,43.85,Uttar Pradesh,Lalganj
DR. KALGE SHIVAJI BANDAPPA,Indian National Congress,609021.0,1991,607030.0,49.15,Maharashtra,Latur
SUKHDEO BHAGAT,Indian National Congress,483038.0,6926,476112.0,49.95,Jharkhand,Lohardaga
RAJ NATH SINGH,Bharatiya Janata Party,612709.0,2112,610597.0,53.89,Uttar Pradesh,Lucknow
AMRINDER SINGH RAJA WARRING,Indian National Congress,322224.0,800,321424.0,30.42,Punjab,Ludhiana
VENKATESAN S,Communist Party of India (Marxist),430323.0,2122,428201.0,43.6,Tamil Nadu,MADURAI
ROOP KUMARI CHOUDHARY,Bharatiya Janata Party,703659.0,2368,701291.0,53.06,Chhattisgarh,MAHASAMUND
KANGNA RANAUT,Bharatiya Janata Party,537022.0,9559,527463.0,52.87,Himachal Pradesh,MANDI
FAGGAN SINGH KULASTE,Bharatiya Janata Party,751375.0,1614,749761.0,48.93,Madhya Pradesh,MANDLA
SUDHEER GUPTA,Bharatiya Janata Party,945761.0,3512,942249.0,65.98,Madhya Pradesh,MANDSOUR
SUDHA R,Indian National Congress,518459.0,1925,516534.0,47.67,Tamil Nadu,MAYILADUTHURAI
RICHARD VANLALHMANGAIHA,Zoram People’s Movement,208552.0,2175,206377.0,42.45,Mizoram,MIZORAM
SHIVMANGAL SINGH TOMAR,Bharatiya Janata Party,515477.0,2341,513136.0,43.41,Madhya Pradesh,MORENA
PRIYA SAROJ,Samajwadi Party,451292.0,1731,449561.0,42.57,Uttar Pradesh,Machhlishahr
BALASHOWRY VALLABHANENI,Janasena Party,724439.0,12290,712149.0,55.22,Andhra Pradesh,Machilipatnam
MOHITE-PATIL DHAIRYASHEEL RAJSINH,Nationalist Congress Party – Sharadchandra Pawar,622213.0,3647,618566.0,48.86,Maharashtra,Madha
DINESH CHANDRA YADAV,Janata Dal (United),640649.0,891,639758.0,52.96,Bihar,Madhepura
ASHOK KUMAR YADAV,Bharatiya Janata Party,553428.0,723,552705.0,53.85,Bihar,Madhubani
BALRAM NAIK PORIKA,Indian National Congress,612774.0,4269,608505.0,55.27,Telangana,Mahabubabad
"JANARDAN SINGH ""SIGRIWAL""",Bharatiya Janata Party,529533.0,1559,527974.0,52.22,Bihar,Maharajganj
PANKAJ CHAUDHARY,Bharatiya Janata Party,591310.0,823,590487.0,48.85,Uttar Pradesh,Maharajganj
ARUNA. D. K,Bharatiya Janata Party,510747.0,4000,506747.0,41.66,Telangana,Mahbubnagar
HARIBHAI PATEL,Bharatiya Janata Party,686406.0,10792,675614.0,63.74,Gujarat,Mahesana
DIMPLE YADAV,Samajwadi Party,598526.0,1816,596710.0,56.79,Uttar Pradesh,Mainpuri
E.T. MOHAMMED BASHEER,Indian Union Muslim League,644006.0,3737,640269.0,59.35,Kerala,Malappuram
ISHA KHAN CHOUDHURY,Indian National Congress,572395.0,1429,570966.0,41.79,West Bengal,Maldaha Dakshin
KHAGEN MURMU,Bharatiya Janata Party,527023.0,1914,525109.0,37.18,West Bengal,Maldaha Uttar
EATALA RAJENDER,Bharatiya Janata Party,991042.0,10330,980712.0,51.25,Telangana,Malkajgiri
H.D. KUMARASWAMY,Janata Dal (Secular),851881.0,4399,847482.0,58.34,Karnataka,Mandya
HEMAMALINI DHARMENDRA DEOL,Bharatiya Janata Party,510064.0,2529,507535.0,53.3,Uttar Pradesh,Mathura
BAPI HALDAR,All India Trinamool Congress,755731.0,3245,752486.0,50.52,West Bengal,Mathurapur
SHRIRANG APPA CHANDU BARNE,Shiv Sena,692832.0,731,692101.0,48.81,Maharashtra,Maval
KODIKUNNIL SURESH,Indian National Congress,369516.0,7307,362209.0,41.29,Kerala,Mavelikkara
NABA CHARAN MAJHI,Bharatiya Janata Party,585971.0,5392,580579.0,49.91,Odisha,Mayurbhanj
MADHAVANENI RAGHUNANDAN RAO,Bharatiya Janata Party,471217.0,7440,463777.0,33.99,Telangana,Medak
JUNE MALIAH,All India Trinamool Congress,702192.0,2630,699562.0,47.4,West Bengal,Medinipur
ARUN GOVIL,Bharatiya Janata Party,546469.0,2094,544375.0,46.21,Uttar Pradesh,Meerut
ANUPRIYA PATEL,Apna Dal (Soneylal),471631.0,765,470866.0,42.67,Uttar Pradesh,Mirzapur
ASHOK KUMAR RAWAT,Bharatiya Janata Party,475016.0,1045,473971.0,45.15,Uttar Pradesh,Misrikh
R.K. CHAUDHARY,Samajwadi Party,667869.0,1309,666560.0,48.49,Uttar Pradesh,Mohanlalganj
RUCHI VIRA,Samajwadi Party,637363.0,630,636733.0,49.67,Uttar Pradesh,Moradabad
PIYUSH GOYAL,Bharatiya Janata Party,680146.0,1695,678451.0,65.68,Maharashtra,Mumbai North
GAIKWAD VARSHA EKNATH,Indian National Congress,445545.0,1447,444098.0,48.93,Maharashtra,Mumbai North Central
SANJAY DINA PATIL,Shiv Sena (Uddhav Balasaheb Thackrey),450937.0,2333,448604.0,48.67,Maharashtra,Mumbai North East
RAVINDRA DATTARAM WAIKAR,Shiv Sena,452644.0,1550,451094.0,47.4,Maharashtra,Mumbai North West
ARVIND GANPAT SAWANT,Shiv Sena (Uddhav Balasaheb Thackrey),395655.0,1920,393735.0,51.18,Maharashtra,Mumbai South
ANIL YESHWANT DESAI,Shiv Sena (Uddhav Balasaheb Thackrey),395138.0,1796,393342.0,49.73,Maharashtra,Mumbai South Central
RAJIV RANJAN SINGH ALIAS LALAN SINGH,Janata Dal (United),550146.0,2332,547814.0,48.3,Bihar,Munger
ABU TAHER KHAN,All India Trinamool Congress,682442.0,768,681674.0,44.27,West Bengal,Murshidabad
HARENDRA SINGH MALIK,Samajwadi Party,470721.0,917,469804.0,43.64,Uttar Pradesh,Muzaffarnagar
RAJ BHUSHAN CHOUDHARY,Bharatiya Janata Party,619749.0,1180,618569.0,55.71,Bihar,Muzaffarpur
YADUVEER KRISHNADATTA CHAMARAJA WADIYAR,Bharatiya Janata Party,795503.0,5112,790391.0,53.59,Karnataka,Mysore
SELVARAJ V,Communist Party of India,465044.0,2285,462759.0,47.79,Tamil Nadu,NAGAPATTINAM
HANUMAN BENIWAL,Rashtriya Loktantrik Party,596955.0,5495,591460.0,48.2,Rajasthan,NAGAUR
MATHESWARAN V S,Dravida Munnetra Kazhagam,462036.0,4341,457695.0,40.31,Tamil Nadu,NAMAKKAL
RAJA A,Dravida Munnetra Kazhagam,473212.0,2483,470729.0,46.44,Tamil Nadu,NILGIRIS
BALABHADRA MAJHI,Bharatiya Janata Party,481396.0,3066,478330.0,38.74,Odisha,Nabarangpur
S SUPONGMEREN JAMIR,Indian National Congress,401951.0,2439,399512.0,52.83,Nagaland,Nagaland
PRADYUT BORDOLOI,Indian National Congress,788850.0,2230,786620.0,50.89,Assam,Nagaon
DR.MALLU RAVI,Indian National Congress,465072.0,5813,459259.0,38.14,Telangana,Nagarkurnool
CHANDRASHEKHAR,Aazad Samaj Party (Kanshi Ram),512552.0,740,511812.0,51.19,Uttar Pradesh,Nagina
NITIN JAIRAM GADKARI,Bharatiya Janata Party,655027.0,2218,652809.0,54.08,Maharashtra,Nagpur
AJAY BHATT,Bharatiya Janata Party,772671.0,6274,766397.0,61.03,Uttarakhand,Nainital-Udhamsingh Nagar
KAUSHALENDRA KUMAR,Janata Dal (United),559422.0,2368,557054.0,48.88,Bihar,Nalanda
KUNDURU RAGHUVEER,Indian National Congress,784337.0,12073,772264.0,60.5,Telangana,Nalgonda
CHAVAN VASANTRAO BALWANTRAO,Indian National Congress,528894.0,2029,526865.0,46.88,Maharashtra,Nanded
ADV GOWAAL KAGADA PADAVI,Indian National Congress,745998.0,1119,744879.0,53.53,Maharashtra,Nandurbar
DR BYREDDY SHABARI,Telugu Desam,701131.0,11714,689417.0,49.92,Andhra Pradesh,Nandyal
BHUPATHI RAJU SRINIVASA VARMA (B.J.P.VARMA),Bharatiya Janata Party,707343.0,7961,699382.0,57.46,Andhra Pradesh,Narsapuram
LAVU SRIKRISHNA DEVARAYALU,Telugu Desam,807996.0,9899,798097.0,53.88,Andhra Pradesh,Narsaraopet
RAJABHAU (PARAG) PRAKASH WAJE,Shiv Sena (Uddhav Balasaheb Thackrey),616729.0,2212,614517.0,49.85,Maharashtra,Nashik
C R PATIL,Bharatiya Janata Party,1031065.0,7699,1023366.0,77.05,Gujarat,Navsari
VIVEK THAKUR,Bharatiya Janata Party,410608.0,2071,408537.0,47.2,Bihar,Nawada
PRABHAKAR REDDY VEMIREDDY,Telugu Desam,766202.0,15431,750771.0,55.7,Andhra Pradesh,Nellore
BANSURI SWARAJ,Bharatiya Janata Party,453185.0,1721,451464.0,53.48,NCT OF Delhi,New Delhi
ARVIND DHARMAPURI,Bharatiya Janata Party,592318.0,4074,588244.0,48.02,Telangana,Nizamabad
SHRIPAD YESSO NAIK,Bharatiya Janata Party,257326.0,3514,253812.0,56.43,Goa,North Goa
MANOJ TIWARI,Bharatiya Janata Party,824451.0,2884,821567.0,53.1,NCT OF Delhi,North-East Delhi
YOGENDER CHANDOLIYA,Bharatiya Janata Party,866483.0,3228,863255.0,58.26,NCT OF Delhi,North-West Delhi
MAGUNTA SREENIVASULU REDDY,Telugu Desam,701894.0,12065,689829.0,49.35,Andhra Pradesh,Ongole
OMPRAKASH BHUPALSINH ALIAS PAVAN RAJENIMBALKAR,Shiv Sena (Uddhav Balasaheb Thackrey),748752.0,5155,743597.0,58.45,Maharashtra,Osmanabad
ALFRED KANNGAM S ARTHUR,Indian National Congress,384954.0,3141,381813.0,48.32,Manipur,Outer Manipur
P. P. CHAUDHARY,Bharatiya Janata Party,757389.0,6821,750568.0,55.94,Rajasthan,PALI
ARUN NEHRU,Dravida Munnetra Kazhagam,603209.0,5206,598003.0,53.42,Tamil Nadu,PERAMBALUR
ESWARASAMY K,Dravida Munnetra Kazhagam,533377.0,2635,530742.0,47.37,Tamil Nadu,POLLACHI
VE VAITHILINGAM,Indian National Congress,426005.0,1713,424292.0,52.73,Puducherry,PUDUCHERRY
V K SREEKANDAN,Indian National Congress,421169.0,3097,418072.0,40.66,Kerala,Palakkad
VISHNU DAYAL RAM,Bharatiya Janata Party,770362.0,8072,762290.0,55.39,Jharkhand,Palamau
DR. HEMANT VISHNU SAVARA,Bharatiya Janata Party,601244.0,1036,600208.0,43.69,Maharashtra,Palghar
RAJPALSINH MAHENDRASINH JADAV,Bharatiya Janata Party,794579.0,8749,785830.0,70.22,Gujarat,Panchmahal
JADHAV SANJAY ( BANDU ) HARIBHAU,Shiv Sena (Uddhav Balasaheb Thackrey),601343.0,4472,596871.0,45.17,Maharashtra,Parbhani
DR.SANJAY JAISWAL,Bharatiya Janata Party,580421.0,1462,578959.0,53.43,Bihar,Paschim Champaran
DABHI BHARATSINHJI SHANKARJI,Bharatiya Janata Party,591947.0,6356,585591.0,49.61,Gujarat,Patan
ANTO ANTONY,Indian National Congress,367623.0,6666,360957.0,39.98,Kerala,Pathanamthitta
DR DHARAMVIRA GANDHI,Indian National Congress,305616.0,944,304672.0,26.54,Punjab,Patiala
MISHA BHARTI,Rashtriya Janata Dal,613283.0,1136,612147.0,49.86,Bihar,Patliputra
RAVI SHANKAR PRASAD,Bharatiya Janata Party,588270.0,1058,587212.0,54.7,Bihar,Patna Sahib
VAMSI KRISHNA GADDAM,Indian National Congress,475587.0,5407,470180.0,43.42,Telangana,Peddapalle
PRAVEEN PATEL,Bharatiya Janata Party,452600.0,1220,451380.0,44.6,Uttar Pradesh,Phulpur
JITIN PRASADA,Bharatiya Janata Party,607158.0,1959,605199.0,52.3,Uttar Pradesh,Pilibhit
DR. M.P ABDUSSAMAD SAMADANI,Indian Union Muslim League,562516.0,2946,559570.0,54.81,Kerala,Ponnani
DR. MANSUKH MANDAVIYA,Bharatiya Janata Party,633118.0,7156,625962.0,68.15,Gujarat,Porbandar
SHIV PAL SINGH PATEL (DR. S P SINGH),Samajwadi Party,441932.0,2096,439836.0,46.65,Uttar Pradesh,Pratapgarh
MURLIDHAR MOHOL,Bharatiya Janata Party,584728.0,557,584171.0,52.94,Maharashtra,Pune
SAMBIT PATRA,Bharatiya Janata Party,629330.0,3958,625372.0,52.58,Odisha,Puri
RAJESH RANJAN ALIAS PAPPU YADAV,Independent,567556.0,689,566867.0,47.46,Bihar,Purnia
JYOTIRMAY SINGH MAHATO,Bharatiya Janata Party,578489.0,2243,576246.0,40.34,West Bengal,Purulia
RADHA MOHAN SINGH,Bharatiya Janata Party,542193.0,1595,540598.0,50.5,Bihar,Purvi Champaran
RADHESHYAM RATHIYA,Bharatiya Janata Party,808275.0,1608,806667.0,55.63,Chhattisgarh,RAIGARH
BRIJMOHAN AGRAWAL,Bharatiya Janata Party,1050351.0,2904,1047447.0,66.19,Chhattisgarh,RAIPUR
RODMAL NAGAR,Bharatiya Janata Party,758743.0,2604,756139.0,53.1,Madhya Pradesh,RAJGARH
SANTOSH PANDEY,Bharatiya Janata Party,712057.0,618,711439.0,49.25,Chhattisgarh,RAJNANDGAON
MAHIMA KUMARI MEWAR,Bharatiya Janata Party,781203.0,5960,775243.0,64.4,Rajasthan,RAJSAMAND
NAVASKANI K,Indian Union Muslim League,509664.0,2974,506690.0,45.92,Tamil Nadu,RAMANATHAPURAM
ANITA NAGARSINGH CHOUHAN,Bharatiya Janata Party,795863.0,2431,793432.0,51.93,Madhya Pradesh,RATLAM
JANARDAN MISHRA,Bharatiya Janata Party,477459.0,2020,475439.0,52.0,Madhya Pradesh,REWA
DEEPENDER SINGH HOODA,Indian National Congress,783578.0,5319,778259.0,62.76,Haryana,ROHTAK
RAHUL GANDHI,Indian National Congress,687649.0,1605,686044.0,66.17,Uttar Pradesh,Rae Bareli
G. KUMAR NAIK.,Indian National Congress,670966.0,1553,669413.0,51.63,Karnataka,Raichur
TATKARE SUNIL DATTATREY,Nationalist Congress Party,508352.0,1823,506529.0,50.17,Maharashtra,Raigad
KARTICK CHANDRA PAUL,Bharatiya Janata Party,560897.0,2253,558644.0,40.99,West Bengal,Raiganj
DAGGUBATI PURANDHESHWARI,Bharatiya Janata Party,726515.0,7874,718641.0,54.82,Andhra Pradesh,Rajahmundry
P V MIDHUN REDDY,Yuvajana Sramika Rythu Congress Party,644844.0,5733,639111.0,48.38,Andhra Pradesh,Rajampet
PARSHOTTAMBHAI RUPALA,Bharatiya Janata Party,857984.0,7138,850846.0,67.37,Gujarat,Rajkot
VIJAY KUMAR HANSDAK,Jharkhand Mukti Morcha,613371.0,6078,607293.0,50.35,Jharkhand,Rajmahal
MOHIBBULLAH,Samajwadi Party,481503.0,251,481252.0,49.74,Uttar Pradesh,Rampur
Shyamkumar (Babalu) Daulat Barve,Indian National Congress,613025.0,1131,611894.0,48.94,Maharashtra,Ramtek
JAGANNATH SARKAR,Bharatiya Janata Party,782396.0,4350,778046.0,50.78,West Bengal,Ranaghat
SANJAY SETH,Bharatiya Janata Party,664732.0,5757,658975.0,45.91,Jharkhand,Ranchi
NARAYAN TATU RANE,Bharatiya Janata Party,448514.0,3175,445339.0,49.07,Maharashtra,Ratnagiri- Sindhudurg
KHADSE RAKSHA NIKHIL,Bharatiya Janata Party,630879.0,1321,629558.0,53.84,Maharashtra,Raver
CHHOTELAL,Samajwadi Party,465848.0,608,465240.0,46.14,Uttar Pradesh,Robertsganj
DR. LATA WANKHEDE,Bharatiya Janata Party,787979.0,1819,786160.0,68.49,Madhya Pradesh,SAGAR
SELVAGANAPATHI T M,Dravida Munnetra Kazhagam,566085.0,4063,562022.0,43.38,Tamil Nadu,SALEM
GANESH SINGH,Bharatiya Janata Party,459728.0,1355,458373.0,43.41,Madhya Pradesh,SATNA
SMT. HIMADRI SINGH,Bharatiya Janata Party,711143.0,1666,709477.0,61.73,Madhya Pradesh,SHAHDOL
Suresh Kumar Kashyap,Bharatiya Janata Party,519748.0,5812,513936.0,53.58,Himachal Pradesh,SHIMLA
DR. RAJESH MISHRA,Bharatiya Janata Party,583559.0,895,582664.0,50.87,Madhya Pradesh,SIDHI
AMRARAM,Communist Party of India (Marxist),659300.0,13741,645559.0,50.68,Rajasthan,SIKAR
SELJA,Indian National Congress,733823.0,1525,732298.0,54.17,Haryana,SIRSA
KARTI P CHIDAMBARAM,Indian National Congress,427677.0,2046,425631.0,40.6,Tamil Nadu,SIVAGANGA
SATPAL BRAHAMCHARI,Indian National Congress,548682.0,2519,546163.0,48.82,Haryana,SONIPAT
AGA SYED RUHULLAH MEHDI,Jammu & Kashmir National Conference,356866.0,1572,355294.0,52.85,Jammu and Kashmir,SRINAGAR
T R BAALU,Dravida Munnetra Kazhagam,758611.0,2940,755671.0,52.65,Tamil Nadu,SRIPERUMBUDUR
CHINTAMANI MAHARAJ,Bharatiya Janata Party,713200.0,1028,712172.0,49.01,Chhattisgarh,SURGUJA
SHOBHANABEN MAHENDRASINH BARAIYA,Bharatiya Janata Party,677318.0,6389,670929.0,53.36,Gujarat,Sabarkantha
IMRAN MASOOD,Indian National Congress,547967.0,584,547383.0,44.57,Uttar Pradesh,Saharanpur
RAMASHANKAR RAJBHAR,Samajwadi Party,405472.0,1856,403616.0,44.2,Uttar Pradesh,Salempur
SHAMBHAVI,Lok Janshakti Party(Ram Vilas),579786.0,691,579095.0,52.97,Bihar,Samastipur
DHARMENDRA PRADHAN,Bharatiya Janata Party,592162.0,4335,587827.0,49.48,Odisha,Sambalpur
ZIA UR REHMAN,Samajwadi Party,571161.0,416,570745.0,47.8,Uttar Pradesh,Sambhal
VISHAL (DADA) PRAKASHBAPU PATIL,Independent,571666.0,2015,569651.0,48.91,Maharashtra,Sangli
GURMEET SINGH MEET HAYER,Aam Aadmi Party,364085.0,1294,362791.0,36.06,Punjab,Sangrur
LAXMIKANT PAPPU NISHAD,Samajwadi Party,498695.0,1207,497488.0,45.7,Uttar Pradesh,Sant Kabir Nagar
RAJIV PRATAP RUDY,Bharatiya Janata Party,471752.0,1518,470234.0,46.18,Bihar,Saran
MANOJ KUMAR,Indian National Congress,513004.0,3027,509977.0,46.76,Bihar,Sasaram
SHRIMANT CHH UDAYANRAJE PRATAPSINHAMAHARAJ BHONSLE,Bharatiya Janata Party,571134.0,2385,568749.0,47.67,Maharashtra,Satara
G. KISHAN REDDY,Bharatiya Janata Party,473012.0,4701,468311.0,45.15,Telangana,Secunderabad
ARUN KUMAR SAGAR,Bharatiya Janata Party,592718.0,1218,591500.0,47.5,Uttar Pradesh,Shahjahanpur
LOVELY ANAND,Janata Dal (United),476612.0,903,475709.0,45.15,Bihar,Sheohar
DR. RICKY ANDREW J. SYNGKON,Voice of the People Party,571078.0,1922,569156.0,55.02,Meghalaya,Shillong
B.Y.RAGHAVENDRA,Bharatiya Janata Party,778721.0,2990,775731.0,56.54,Karnataka,Shimoga
BHAUSAHEB RAJARAM WAKCHAURE,Shiv Sena (Uddhav Balasaheb Thackrey),476900.0,1263,475637.0,45.0,Maharashtra,Shirdi
DR. AMOL RAMSING KOLHE,Nationalist Congress Party – Sharadchandra Pawar,698692.0,924,697768.0,50.83,Maharashtra,Shirur
RAM SHIROMANI VERMA,Samajwadi Party,511055.0,301,510754.0,48.83,Uttar Pradesh,Shrawasti
INDRA HANG SUBBA,Sikkim Krantikari Morcha,164396.0,7560,156836.0,42.71,Sikkim,Sikkim
PARIMAL SUKLABAIDYA,Bharatiya Janata Party,652405.0,4833,647572.0,59.89,Assam,Silchar
JOBA MAJHI,Jharkhand Mukti Morcha,520164.0,4175,515989.0,51.62,Jharkhand,Singhbhum
DEVESH CHANDRA THAKUR,Janata Dal (United),515719.0,779,514940.0,47.14,Bihar,Sitamarhi
RAKESH RATHOR,Indian National Congress,531138.0,671,530467.0,48.2,Uttar Pradesh,Sitapur
VIJAYLAKSHMI DEVI,Janata Dal (United),386508.0,883,385625.0,38.73,Bihar,Siwan
PRANITI SUSHILKUMAR SHINDE,Indian National Congress,620225.0,1875,618350.0,51.49,Maharashtra,Solapur
RANJIT DUTTA,Bharatiya Janata Party,775788.0,4770,771018.0,60.21,Assam,Sonitpur
RAMVIR SINGH BIDHURI,Bharatiya Janata Party,692832.0,1648,691184.0,53.46,NCT OF Delhi,South Delhi
CAPTAIN VIRIATO FERNANDES,Indian National Congress,217836.0,1814,216022.0,48.35,Goa,South Goa
KALYAN BANERJEE,All India Trinamool Congress,673970.0,2105,671865.0,45.65,West Bengal,Srerampur
KINJARAPU RAMMOHAN NAIDU,Telugu Desam,754328.0,19827,734501.0,61.05,Andhra Pradesh,Srikakulam
RAMBHUAL NISHAD,Samajwadi Party,444330.0,1444,442886.0,43.0,Uttar Pradesh,Sultanpur
JUAL ORAM,Bharatiya Janata Party,494282.0,3627,490655.0,42.77,Odisha,Sundargarh
DILESHWAR KAMAIT,Janata Dal (United),595038.0,2116,592922.0,48.33,Bihar,Supaul
MUKESHKUMAR CHANDRAKAANT DALAL ( Uncontested ),Bharatiya Janata Party,,,,,Gujarat,Surat
CHANDUBHAI CHHAGANBHAI SHIHORA,Bharatiya Janata Party,669749.0,5656,664093.0,59.2,Gujarat,Surendranagar
DR RANI SRI KUMAR,Dravida Munnetra Kazhagam,425679.0,2654,423025.0,40.97,Tamil Nadu,TENKASI
MURASOLI S,Dravida Munnetra Kazhagam,502245.0,3423,498822.0,48.82,Tamil Nadu,THANJAVUR
THANGA TAMILSELVAN,Dravida Munnetra Kazhagam,571493.0,2383,569110.0,50.08,Tamil Nadu,THENI
KANIMOZHI KARUNANIDHI,Dravida Munnetra Kazhagam,540729.0,2850,537879.0,55.26,Tamil Nadu,THOOTHUKKUDI
DR. VIRENDRA KUMAR,Bharatiya Janata Party,715050.0,1269,713781.0,65.1,Madhya Pradesh,TIKAMGARH
DURAI VAIKO,Marumalarchi Dravida Munnetra Kazhagam,542213.0,3336,538877.0,51.35,Tamil Nadu,TIRUCHIRAPPALLI
ROBERT BRUCE C,Indian National Congress,502296.0,2803,499493.0,47.06,Tamil Nadu,TIRUNELVELI
"SUBBARAYAN, K.",Communist Party of India,472739.0,2544,470195.0,41.38,Tamil Nadu,TIRUPPUR
Sasikanth Senthil,Indian National Congress,796956.0,2348,794608.0,56.21,Tamil Nadu,TIRUVALLUR
"ANNADURAI, C.N.",Dravida Munnetra Kazhagam,547379.0,3522,543857.0,47.75,Tamil Nadu,TIRUVANNAMALAI
HARISH CHANDRA MEENA,Indian National Congress,623763.0,6626,617137.0,50.85,Rajasthan,TONK-SAWAI MADHOPUR
ABHIJIT GANGOPADHYAY,Bharatiya Janata Party,765584.0,4401,761183.0,48.54,West Bengal,Tamluk
MALA RAJYA LAKSHMI SHAH,Bharatiya Janata Party,462603.0,6654,455949.0,53.66,Uttarakhand,Tehri Garhwal
NARESH GANPAT MHASKE,Shiv Sena,734231.0,2122,732109.0,56.09,Maharashtra,Thane
GURUMOORTHY MADDILA,Yuvajana Sramika Rythu Congress Party,632228.0,5526,626702.0,45.73,Andhra Pradesh,Thirupathi(SC)
SHASHI THAROOR,Indian National Congress,358155.0,4476,353679.0,37.19,Kerala,Thiruvananthapuram
SURESH GOPI,Bharatiya Janata Party,412338.0,3036,409302.0,37.8,Kerala,Thrissur
KRITI DEVI DEBBARMAN,Bharatiya Janata Party,777447.0,9318,768129.0,68.54,Tripura,Tripura East
BIPLAB KUMAR DEB,Bharatiya Janata Party,881341.0,12857,868484.0,72.85,Tripura,Tripura West
V. SOMANNA,Bharatiya Janata Party,720946.0,4237,716709.0,55.31,Karnataka,Tumkur
SALENG A SANGMA,Indian National Congress,383919.0,1861,382058.0,56.96,Meghalaya,Tura
MANNA LAL RAWAT,Bharatiya Janata Party,738286.0,5529,732757.0,49.27,Rajasthan,UDAIPUR
DR JITENDRA SINGH,Bharatiya Janata Party,571076.0,4243,566833.0,51.28,Jammu and Kashmir,UDHAMPUR
ANIL FIROJIYA,Bharatiya Janata Party,836104.0,1730,834374.0,62.93,Madhya Pradesh,UJJAIN
KOTA SRINIVAS POOJARY,Bharatiya Janata Party,732234.0,4015,728219.0,59.56,Karnataka,Udupi Chikmagalur
NITYANAND RAI,Bharatiya Janata Party,515965.0,806,515159.0,49.51,Bihar,Ujiarpur
SAJDA AHMED,All India Trinamool Congress,724622.0,2036,722586.0,52.1,West Bengal,Uluberia
SWAMI SACHCHIDANAND HARI SAKSHI,Bharatiya Janata Party,616133.0,1301,614832.0,47.31,Uttar Pradesh,Unnao
VISHWESHWAR HEGDE KAGERI,Bharatiya Janata Party,782495.0,4608,777887.0,61.97,Karnataka,Uttara Kannada
DM KATHIR ANAND,Dravida Munnetra Kazhagam,568692.0,2257,566435.0,50.35,Tamil Nadu,VELLORE
SHIVRAJ SINGH CHOUHAN,Bharatiya Janata Party,1116460.0,4904,1111556.0,76.7,Madhya Pradesh,VIDISHA
RAVIKUMAR. D,Viduthalai Chiruthaigal Katchi,477033.0,2803,474230.0,41.39,Tamil Nadu,VILUPPURAM
MANICKAM TAGORE B,Indian National Congress,385256.0,2380,382876.0,36.28,Tamil Nadu,VIRUDHUNAGAR
SHAFI PARAMBIL,Indian National Congress,557528.0,5038,552490.0,49.65,Kerala,Vadakara
DR. HEMANG JOSHI,Bharatiya Janata Party,873189.0,7364,865825.0,72.04,Gujarat,Vadodara
VEENA DEVI,Lok Janshakti Party(Ram Vilas),567043.0,818,566225.0,48.38,Bihar,Vaishali
SUNIL KUMAR,Janata Dal (United),523422.0,927,522495.0,47.5,Bihar,Valmiki Nagar
DHAVAL LAXMANBHAI PATEL,Bharatiya Janata Party,764226.0,3291,760935.0,56.13,Gujarat,Valsad
NARENDRA MODI,Bharatiya Janata Party,612970.0,1531,611439.0,54.24,Uttar Pradesh,Varanasi
KESINENI SIVANATH (CHINNI),Telugu Desam,794154.0,9432,784722.0,58.21,Andhra Pradesh,Vijayawada
SRIBHARAT MATHUKUMILI,Telugu Desam,907467.0,13583,893884.0,65.42,Andhra Pradesh,Visakhapatnam
APPALANAIDU KALISETTI,Telugu Desam,743113.0,13829,729284.0,57.2,Andhra Pradesh,Vizianagaram
KADIYAM KAVYA,Indian National Congress,581294.0,5728,575566.0,45.85,Telangana,Warangal
AMAR SHARADRAO KALE,Nationalist Congress Party – Sharadchandra Pawar,533106.0,2345,530761.0,48.68,Maharashtra,Wardha
RAHUL GANDHI,Indian National Congress,647445.0,5146,642299.0,59.69,Kerala,Wayanad
KAMALJEET SEHRAWAT,Bharatiya Janata Party,842658.0,4326,838332.0,55.27,NCT OF Delhi,West Delhi
SANJAY UTTAMRAO DESHMUKH,Shiv Sena (Uddhav Balasaheb Thackrey),594807.0,2908,591899.0,48.53,Maharashtra,Yavatmal- Washim
SURESH KUMAR SHETKAR,Indian National Congress,528418.0,4499,523919.0,42.73,Telangana,Zahirabad
